LGA/Ring/SD NAME,Mar-90,,Jun-90,,Sep-90,,Dec-90,,Mar-91,,Jun-91,,Sep-91,,Dec-91,,Mar-92,,Jun-92,,Sep-92,,Dec-92,,Mar-93,,Jun-93,,Sep-93,,Dec-93,,Mar-94,,Jun-94,,Sep-94,,Dec-94,,Mar-95,,Jun-95,,Sep-95,,Dec-95,,Mar-96,,Jun-96,,Sep-96,,Dec-96,,Mar-97,,Jun-97,,Sep-97,,Dec-97,,Mar-98,,Jun-98,,Sep-98,,Dec-98,,Mar-99,,Jun-99,,Sep-99,,Dec-99,,Mar-00,,Jun-00,,Sep-00,,Dec-00,,Mar-01,,Jun-01,,Sep-01,,Dec-01,,Mar-02,,Jun-02,,Sep-02,,Dec-02,,Mar-03,,Jun-03,,Sep-03,,Dec-03,,Mar-04,,Jun-04,,Sep-04,,Dec-04,,Mar-05,,Jun-05,,Sep-05,,Dec-05,,Mar-06,,Jun-06,,Sep-06,,Dec-06,,Mar-07,,Jun-07,,Sep-07,,Dec-07,,Mar-08,,Jun-08,,Sep-08,,Dec-08,,Mar-09,,Jun-09,,Sep-09,,Dec-09,,Mar-10,,Jun-10,,Sep-10,,Dec-10,,Mar-11,,Jun-11,,Sep-11,,Dec-11,,Mar-12,,Jun-12,,Sep-12,,Dec-12,,Mar-13,,Jun-13,,Sep-13,,Dec-13,,Mar-14,,Jun-14,,Sep-14,,Dec-14,,Mar-15,,Jun-15,,Sep-15,,Dec-15,,Mar-16,,,Jun-16,,Sep-16,,Dec-16,,Mar-17,,Jun-17,
GREATER SYDNEY,280,,280,,280,,285,,290,,282.5,,280,,295,,290,,280,,280,,280,,280,,280,,275,,280,,288,,285,,280,,285,,300,,285,,280,,300,,300,,290,,300,,300,,315,,300,,310,,310,,310,,300,,310,,320,,320,,320,,325,,330,,340,,325,,330,,350,,350,,330,,345,,350,,350,,340,,350,,340,,350,,330,,350,,345,,350,,350,,360,,360,,370,,360,,380,,380,,380,,380,,395,,400,,400,,420,,430,,450,,450,,475,,480,,500,,500,,500,,500,,520,,530,,530,,540,,550,,570,,550,,560,,570,,570,,580,,560,,580,,600,,570,,570,,600,,600,,600,,600,,600,,620,,610,,620,,620,,630,,Break in the series,620, ,630, ,630,,640,,650,
Inner Ring,340,,370,,350,,370,,350,,360,,365,,350,,350,,375,,360,,350,,350,,380,,360,,365,,360,,400,,400,,400,,400,,400,,430,,420,,425,,450,,440,,450,,477.5,,450,,470,,500,,460,,470,,515,,490,,480,,520,,550,,525,,550,,580,,600,,580,,575,,550,,600,,585,,580,,552.5,,600,,580,,600,,600,,600,,600,,580,,620,,650,,615,,600,,647.5,,670,,620,,650,,700,,670,,700,,720,,750,,765,,790,,900,,917.5,,900,,950,,900,,950,,950,,950,,975,,1050,,950,,1050,,1000,,1100,,1082.5,,1100,,1050,,1100,,1100,,1000,,1150,,1050,,1100,,1150,,1200,,1200,,1150,,1250,,1200,,1200,,1200,,1250,,1250,,,1300, ,1300, ,1285,,1300,,1350,
Ashfield,245,s,250,s,257.5,s,257.5,s,264,s,250,s,280,s,265,s,250,s,250,s,235,s,250,s,250,s,270,s,240,s,285,s,260,s,250,s,247.5,s,245,s,300,s,-,,-,,305,s,290,s,330,s,350,s,-,,340,s,300,s,360,s,360,s,360,s,332.5,s,345,s,350,s,380,s,355,s,390,s,350,s,-,,440,s,400,s,385,s,420,s,400,s,350,s,-,,405,s,-,,390,s,-,,392.5,s,395,s,470,s,395,s,420,s,455,s,-,,450,s,425,s,-,,-,,435,s,475,s,-,,-,,-,,450,s,-,,480,s,500,s,507.5,s,-,,-,,640,s,680,s,555,s,615,s,570,s,-,,632.5,s,-,,-,,680,s,-,,725,s,-,,800,s,-,,-,,750,s,730,s,742.5,s,780,s,800,s,900,s,-,,782.5,s,850,s,890,s,880,s,-,,872.5,s,975,s,,812.5,s,850,s,785,s,800,s,845,s
Botany Bay,260,s,-,,-,,300,s,-,,-,,-,,250,s,-,,-,,-,,-,,-,,-,,-,,-,,-,,-,,-,,-,,-,,-,,-,,-,,-,,-,,-,,-,,-,,-,,-,,-,,-,,410,s,-,,-,,370,s,-,,400,s,-,,430,s,440,s,420,s,-,,477.5,s,390,s,-,,420,s,500,s,-,,-,,390,s,-,,-,,505,s,450,s,-,,535,s,-,,-,,475,s,-,,-,,-,,-,,-,,-,,-,,610,s,620,s,-,,550,s,-,,-,,700,s,-,,-,,700,s,700,s,640,s,-,,-,,800,s,-,,800,s,-,,-,,-,,-,,-,,-,,-,,850,s,915,s,-,,925,s,-,,-,,940,s,-,,1000,s,925,s,895,s,1000,s,1050,s,,-, ,1000,s,1120,s,1000,s,1000,s
Lane Cove,400,s,395,s,400,s,380,s,425,s,377.5,s,400,s,420,s,515,s,380,s,489,s,450,s,400,,450,s,410,s,450,s,400,s,435,s,450,s,445,s,425,,505,s,450,s,450,s,525,s,535,s,420,s,490,s,575,s,520,s,580,,662.5,s,525,s,562.5,s,477.5,,525,s,595,s,562.5,s,650,s,565,s,650,s,550,s,790,s,565,s,687.5,,620,s,705,s,490,s,620,s,750,s,662.5,s,700,s,630,s,680,s,725,s,700,s,725,s,800,s,800,s,645,s,700,s,765,s,800,s,900,s,802.5,s,920,s,800,s,765,s,800,,-,,770,s,840,s,950,s,990,s,1100,s,977.5,s,940,s,990,s,1028,s,1000,s,1000,s,975,s,950,s,1100,s,1150,s,1187.5,s,1100,s,1100,,1195,s,1250,s,1250,s,-,,1197.5,s,985,s,1125,s,1000,s,1370,s,1120,s,1200,s,1175,s,1200,s,1200,s,1400,s,1100,,1170,s,,1300,s,1275,s,1275,s,1400,,1472.5,
Leichhardt,280,s,330,s,360,s,365,s,355,s,347.5,s,370,s,350,s,350,s,380,s,412.5,s,350,s,350,,350,s,350,s,305,,350,,350,s,395,s,332.5,s,375,,400,s,405,s,460,,420,s,435,,400,s,450,s,445,s,432.5,,400,,430,s,460,,450,s,450,s,495,s,450,,550,,600,s,420,,530,,527.5,,500,,525,,575,,477.5,s,520,,500,,525,,500,,480,,550,s,562.5,,580,s,550,s,550,,600,,565,s,600,s,500,s,610,,615,s,600,s,547.5,s,630,,580,s,615,s,667.5,s,720,s,750,s,750,s,750,s,730,s,850,,950,s,715,s,890,s,925,s,897.5,s,990,s,925,s,915,s,925,,1000,s,975,,920,s,1075,,855,s,1070,,1035,,1075,s,980,,1000,,850,s,1100,,1175,,1150,,1200,s,1100,s,1097.5,,1200,,1195,,1200,,1150,,1200,,,1187.5,s,1100, ,1172.5,,1162.5,,1250,
Marrickville,280,,270,,280,,280,,280,,280,,275,,270,,280,,295,,260,,262.5,,270,,260,,277.5,,270,,280,,280,,300,,290,,300,,300,,290,,345,,325,,350,,320,,370,,350,,350,,370,,355,,380,,400,,400,,365,,400,,400,,400,,430,,400,,390,,400,,440,,467.5,,442.5,,450,,400,,407.5,,450,,445,,400,,450,,445,,450,,450,s,485,,420,,447.5,,420,,480,,490,,470,,490,,500,,475,,500,,500,,480,,490,,570,s,580,,580,s,640,,600,,755,s,675,,675,,635,s,650,s,700,,750,,755,,760,s,750,,725,,772.5,,850,s,770,,850,,750,,820,,795,,875,,800,,837.5,,1000,,900,,850,,905,,977.5,,975,,900,,985,,1100,,,1100, ,1000, ,970,,1100,,1100,
Mosman,560,s,550,s,550,s,650,,500,s,750,,512.5,s,550,s,600,,575,,632.5,s,500,,600,s,652.5,s,562.5,s,650,s,637.5,s,600,,650,,700,,707.5,s,775,s,650,,820,s,787.5,,700,,875,s,800,s,975,,805,,1100,,1050,s,750,s,1200,,1200,,1150,,1100,s,1250,,1425,s,1400,,1350,,1400,s,1288,,1500,,1400,,1200,s,1300,,1150,,1075,,1450,,1450,,1100,,1200,,1525,,1275,s,1400,,1612.5,,1575,s,1200,,1350,,1500,s,1250,,1200,,1400,,1200,,1500,,1465,s,1500,,1645,,1650,s,1975,s,1675,,1700,,1550,s,1925,,2300,,1300,,1950,,1500,,1725,,1500,,1500,s,1770,,1800,s,2050,,1750,,1900,s,1900,s,1850,s,1900,s,1350,,1700,,2075,,1900,s,1800,,1650,s,2200,s,2000,s,1797.5,s,1890,,2150,s,1975,s,1750,,2500,s,1990,s,,2000,s,2100,s,1850,,1975,s,2000,
North Sydney,462.5,s,432.5,,477.5,s,420,,427.5,,400,,450,,450,,450,,400,s,420,,425,s,430,,407.5,,420,s,460,,480,,450,s,550,s,450,s,495,,550,s,587.5,s,570,,600,s,472.5,s,575,,550,,630,s,600,,530,,605,,555,,675,,600,,650,,600,,650,,695,s,870,,715,s,850,s,765,s,665,s,675,,650,s,700,,700,,620,,690,s,671.15,,750,s,700,s,1142.5,s,697.5,s,820,s,637.5,s,860,,850,s,660,s,805,,900,s,800,s,860,s,675,s,865,,800,s,950,s,950,,625,s,900,s,1175,s,1000,,1000,,1000,s,1000,,950,,1015,s,1050,s,1000,s,1097.5,s,1212.5,s,1200,s,995,,1300,s,1250,s,1200,,997.5,s,1300,s,1000,s,1300,s,1150,s,1300,s,1250,s,1295,,1475,s,1175,s,1670,s,1200,s,1500,,1237.5,,1440,s,1325,s,1525,s,1675,s,,1500,s,1450, ,1400,,1500,s,1432.5,s
Randwick,340,,370,,330,,365,,350,,340,,350,,345,,345,,350,,350,,330,,350,,330,,360,,360,,360,,360,,372.5,,370,,395,,400,,420,,395,,415,,420,,450,,380,,450,,445,,445,,470,,485,,450,,485,,450,,500,,455,,550,,600,,530,,580,,590,,600,,552.5,,550,,610,,620,,600,,555,,590,,600,,610,,500,,640,,620,,580,,600,,600,,690,,610,,630,,600,,600,,600,,720,,660,,680,,672.5,,800,,750,,750,,865,,950,,800,,900,,850,,950,,950,,957.5,,1075,,1000,,975,,1000,,1010,,1100,,1100,,1100,,1000,,1200,,1100,,970,,1050,,1125,,1100,,1150,,1120,,1065,,1175,,1250,,1150,,1260,,1185,,1200,,1200,,,1200, ,1300, ,1250,,1250,,1350,
Sydney,327.5,,350,,320,,320,,335,,330,,340,,310,,330,,337.5,,330,,330,,330,,340,,340,,330,,350,,370,,360,,377.5,,350,,350,,360,,362.5,,375,,400,,380,,400,,420,,420,,420,,450,,410,,450,,450,,430,,450,,450,,450,,450,,460,,500,,500,,500,,530,,547.5,,515,,500,,500,,460,,550,,500,,550,,500,,530,,495,,500,,530,,530,,500,,510,,520,,530,,540,,605,,600,,600,,620,,590,,662.5,,675,,680,,730,,750,,765,,790,,750,,837.5,,800,,800,,780,,900,,820,,850,,850,,862.5,,795,,977.5,,950,,925,,920,,940,,995,,1000,,930,,1000,,1000,,1050,,1080,,1200,,1100,,1100,,1125,,1200,,1190,,,1150, ,1250, ,1200,,1230,,1237.5,
Waverley,400,s,365,s,400,s,400,s,412.5,,420,s,437.5,s,400,s,460,s,470,s,400,s,450,s,400,,420,s,450,,420,s,410,s,510,,450,s,500,s,445,s,580,s,450,s,530,s,525,s,525,s,537.5,,575,s,550,s,520,s,580,,550,,575,s,500,s,575,,575,s,700,s,700,,600,,635,s,680,s,725,,700,s,690,,672.5,,635,,650,,680,,750,,650,s,690,,655,,675,,740,s,700,s,800,,757.5,s,800,,837.5,,700,,750,,825,,895,,805,s,800,,800,,737.5,,900,,795,,949.5,,1100,,947.5,s,1000,,1375,,1075,,1325,,1300,,1025,,1080,,1405,,1195,,1200,,1075,,1325,,1175,,1600,,1225,,1375,,1350,,1425,,1337.5,,1350,,1450,,1425,,1475,,1360,s,1300,,1900,,1400,,1767.5,,1600,,1450,,1500,,1650,,1500,,,1650, ,1550, ,1600,,1800,,1790,
Woollahra,480,,697,,500,,550,,572.5,,600,,600,,550,,500,,590,,550,,600,,550,,660,,580,,615,,550,,662.5,,750,,550,,687.5,,725,,650,,900,,750,,750,,750,,800,,800,,730,,640,,900,,780,,700,,950,,1075,,812.5,,870,,900,,1150,,1200,,1250,,1000,,900,,1025,,1100,,925,,1050,,1100,,1450,,1075,,950,,1250,,837.5,,1150,,890,,1100,,1075,,1162.5,,1150,,1300,,1500,s,1200,,1200,,1275,,1425,,1425,,1400,,1500,,1100,,1200,,1500,,1925,,1950,,1450,,1400,,1200,,1750,,1510.4,,1450,,1800,,1800,,1225,,1550,,1650,,2000,,1750,,1600,,1550,,1600,,1500,,1887.5,,1547.5,,1550,,1750,,1597.5,,1650,,1600,,1600,,1575,,1600,s,1600,,1900,,2000,,1950,,,1797.5, ,1890, ,2100,,2125,,2200,
Middle Ring,310,,300,,320,,310,,330,,310,,300,,315,,320,,310,,320,,300,,320,,310,,310,,320,,325,,320,,320,,340,,350,,330,,340,,350,,350,,365,,370,,365,,382.5,,380,,380,,387.5,,395,,380,,380,,420,,410,,395,,427.5,,400,,425,,400,,420,,460,,445,,375,,450,,430,,440,,450,,435,,400,,430,,425,,450,,430,,450,,450,,450,,450,,450,,450,,450,,440,,460,,450,,460,,475,,520,,520,,540,,550,,580,,590,,595,,630,,600,,600,,620,,650,,650,,610,,650,,650,,680,,670,,700,,670,,680,,700,,697.5,,690,,720,,700,,700,,740,,705,,700,,700,,720,,750,,750,,750,,750,,750,,,750, ,760, ,780,,770,,800,
Auburn,-,,200,s,220,s,-,,200,s,200,s,200,s,-,,200,s,220,s,200,s,205,s,200,s,-,,205,s,200,s,200,s,180,s,210,s,200,s,200,s,217.5,s,210,s,200,s,227.5,s,230,s,230,s,230,s,252.5,s,230,s,240,s,240,s,245,s,255,s,245,s,250,s,240,s,250,s,270,s,260,s,255,,270,s,295,s,270,s,270,,300,s,300,s,375,s,300,,400,s,305,,320,,290,s,360,,295,,320,,320,,330,,315,s,300,,330,,320,s,330,,330,,325,,332.5,,350,s,400,,380,,450,s,400,,390,,500,s,480,s,480,,450,,515,s,500,,450,s,550,,500,,500,s,575,s,550,,577.5,,600,,580,,580,,565,,600,,610,,550,,610,,535,,600,s,600,,600,,635,,630,,590,,610,,650,,650,,600,,650,,,650, ,670, ,655,,650,,650,
Bankstown,225,,222.5,,230,,242.5,,227.5,,230,,230,,230,,225,,230,,220,,232.5,,230,,230,,230,,222.5,,240,,240,,240,,220,,240,,250,,250,,230,,250,,250,,240,,260,,255,,260,,260,,240,,250,,260,,260,,270,,260,,265,,270,,260,,282.5,,270,,295,,295,,280,,280,,280,,300,,310,,315,,295,,285,,300,,300,,300,,330,,300,,320,,320,,330,,330,,340,,350,,350,,350,,360,,350,,375,,380,,400,,390,,395,,400,,430,,450,,460,,450,,470,,470,,480,,460,,500,,500,,510,,530,,525,,550,,550,,550,,530,,550,,550,,550,,580,,560,,600,,600,,600,,600,,610,,630,,620,,650,,637.5,,620,,,650, ,650, ,650,,650,,680,
Burwood,280,s,262.5,s,280,s,300,s,280,s,280,s,292.5,s,280,s,272.5,,275,s,270,,265,s,290,s,290,s,300,s,265,s,257.5,s,295,s,300,s,270,s,295,s,315,s,290,s,305,s,320,s,320,s,347.5,s,340,s,310,s,340,s,360,s,360,s,340,s,350,s,340,s,350,s,350,s,360,s,345,s,400,s,392.5,,400,s,445,,395,s,420,s,440,s,425,s,400,s,410,s,-,,435,s,400,s,430,s,450,s,430,s,400,s,412.5,s,-,,440,s,455,s,530,s,450,s,447.5,s,440,s,480,s,500,s,500,s,470,s,525,s,500,s,520,s,-,,600,s,610,s,630,s,600,,630,s,580,s,600,s,630,s,650,s,685,s,700,s,700,s,677.5,s,730,s,700,s,600,s,670,s,730,s,705,s,700,s,700,s,700,s,700,s,800,s,650,s,715,s,830,s,750,s,815,s,800,s,-,,750,s,900,s,,855,s,-, ,915,s,855,s,850,s
Canterbury,240,s,230,s,250,s,235,,247.5,s,220,s,240,s,230,s,230,s,230,,230,,230,,250,s,262.5,s,235,s,250,s,240,s,230,s,230,,240,s,247.5,s,250,s,250,,237.5,,260,,257.5,s,260,s,255,s,270,s,265,s,270,s,280,s,292.5,s,280,s,277.5,,290,,320,s,290,,300,,317.5,s,310,,320,s,320,,330,,340,,340,,325,,340,,340,,335,s,325,,330,,340,,330,,320,s,320,,350,,305,,350,,360,,350,,350,,377.5,,330,,350,,350,,365,s,380,s,400,s,422.5,s,420,,440,,450,,550,,535,,520,,500,,500,,500,,515,,520,,550,,590,,510,,550,,600,,580,,600,,555,,650,,600,,600,,600,,645,,600,,630,,665,,637.5,,635,,670,,650,,660,,700,,680,,700,,,690, ,700, ,710,,730,,750,
Canada Bay,260,s,300,s,320,s,330,s,300,s,300,s,290,s,280,s,280,s,320,s,280,s,290,s,345,s,315,s,330,s,310,s,265,s,350,s,300,s,350,s,325,s,272.5,s,320,s,335,s,350,s,350,s,350,s,355,s,370,s,380,s,400,s,350,s,412.5,s,360,s,370,s,410,s,480,s,350,s,410,s,450,s,427.5,s,400,s,400,s,485,s,530,s,460,s,470,s,450,s,450,s,480,s,495,,480,s,400,s,510,,440,s,500,,472.5,,500,s,490,s,440,s,480,s,550,s,550,,550,s,500,s,560,s,540,,490,,710,,755,,660,s,695,s,650,s,700,s,750,s,700,,675,,650,s,750,,760,s,870,s,750,s,825,,800,s,825,s,800,s,850,s,812.5,,800,s,800,,850,s,800,s,887.5,s,855,,900,s,905,,890,s,910,,900,,880,s,950,,995,s,900,,910,,900,s,,955, ,850, ,985,,950,,1050,
Hunters Hill,-,,-,,-,,-,,640,s,-,,400,s,500,s,475,s,-,,500,s,-,,500,s,425,s,-,,600,s,-,,475,s,-,,-,,532.5,s,-,,482.5,s,417.5,s,600,s,402.5,s,515,s,500,s,550,s,480,s,550,s,510,s,467.5,s,-,,690,s,-,,650,s,-,,950,s,-,,-,,-,,-,,725,s,1000,s,680,s,-,,-,,-,,-,,-,,600,s,840,s,-,,-,,-,,687.5,s,-,,1200,s,-,,750,s,-,,-,,-,,-,,-,,740,s,950,s,-,,-,,-,,810,s,-,,975,s,-,,-,,-,,920,s,845,s,925,s,920,s,1275,s,-,,-,,-,,-,,975,s,1500,s,-,,-,,1100,s,990,s,1250,s,1125,s,-,,1225,s,-,,1075,s,-,,-,,1475,s,1295,s,1200,s,-,,-,,,1290,s,-, ,1350,s,-,,1300,s
Hurstville,305,s,277.5,s,285,s,282.5,s,280,s,265,s,300,s,255,s,270,s,300,s,280,s,272.5,s,260,s,255,s,280,,270,,270,s,280,s,290,s,250,s,280,,270,,280,s,270,s,277.5,s,270,s,297.5,s,275,,300,s,300,s,290,s,310,s,310,,310,s,300,s,305,s,345,s,330,s,380,s,345,,380,s,340,,370,,362.5,s,370,s,360,,375,s,365,s,370,,385,s,372.5,,352.5,s,375,s,360,s,380,,360,,400,s,385,s,370,,417.5,,380,,410,,400,,395,,400,,400,s,415,,430,,435,,450,,480,s,460,,500,,540,,550,,580,s,560,,550,,550,,560,,577.5,,580,,560,,600,,650,,640,,650,,620,s,595,,650,,555,,650,,620,,655,,665,,650,,630,,682.5,,640,,680,,700,,680,,700,,700,,700,,,685, ,695, ,750,,727.5,,800,
Kogarah,300,s,255,s,300,s,325,s,337.5,s,380,s,235,s,335,s,350,s,350,s,320,s,280,s,300,s,300,s,300,s,300,s,300,s,300,s,330,s,300,s,330,s,292.5,s,350,s,320,s,320,s,350,s,400,s,330,,325,s,370,s,370,s,350,s,400,s,365,s,390,s,480,s,430,s,350,s,365,s,360,s,427.5,s,420,s,450,s,430,s,405,s,497.5,s,455,s,425,s,385,s,420,s,430,s,390,s,400,s,360,s,455,s,400,s,420,s,440,s,430,s,430,s,445,s,500,s,450,s,510,,432.5,s,485,s,450,s,510,s,555,s,520,s,532.5,s,585,s,540,s,545,s,550,s,-,,525,s,600,s,530,s,670,s,580,s,600,s,605,s,640,s,650,s,672.5,s,740,s,650,s,657.5,s,680,s,630,s,680,s,700,s,720,s,675,s,720,s,750,,700,s,700,s,655,s,780,s,790,s,735,s,735,,700,s,,760, ,800,s,775,s,800,,800,s
Ku-Ring-Gai,451,,425,,450,,431.5,,430,,410,,420,,450,,470,,420,,400,,440,,420,,425,,420,,450,,430,,450,,500,,445,,465,,470,,497.5,,500,,490,,525,,510,,540,,525,,515,,575,,572.5,,560,,630,,572.5,,550,,577.5,,600,,640,,600,,600,,745,,622.5,,650,,680,,700,,650,,640,,650,,700,,700,,650,,660,,700,,650,,700,,650,,650,,690,,615,,720,,720,,720,,700,,700,,690,,720,,750,,780,,800,,800,,855,,867.5,,980,,895,,900,,890,,827.5,,850,,875,,915,,885,,950,,980,,1000,,972.5,,950,,1010,,1005,,1050,,975,,1000,,1050,,1000,,1000,,1050,,1050,,1085,,1100,,1100,,1100,,1130,,1150,,1200,,1100,,,1050, ,1150, ,1200,,1225,,1200,
Manly,400,s,380,s,402.5,s,390,s,410,,495,s,500,s,400,s,400,s,400,s,425,,450,s,410,s,407.5,s,395,s,365,s,487.5,s,400,s,445,s,500,s,475,s,582.5,s,500,,672.5,s,535,,477.5,s,485,,612.5,s,615,,625,s,585,,640,s,650,s,750,s,675,s,650,,750,s,660,s,700,,725,,800,,725,s,680,,737.5,,1200,s,697.5,,820,,731,,750,,990,s,762.5,,750,,900,,630,s,795,,875,,730,s,677.5,s,900,,750,,875,s,850,s,807.5,,862.5,,850,,895,,950,s,972.5,,1000,,895,,1215,,1000,,1125,,1175,,1200,,1295,s,1200,,1200,,1075,,1400,,1400,,1200,,1100,,1272.5,,1375,,1252.5,,1350,,1400,,1225,,1300,,1275,,1400,,1295,,1300,,1395,,1500,,1412.5,,1295,,1300,,1395,,1500,,1475,,1500,,1460,,1610,,,1675, ,1600, ,1612.5,,1580,,1610,
Parramatta,240,,225,,240,,235,,240,,242.5,,230,,235,,245,,250,,225,,240,,235,,240,,215,,240,,240,,230,,230,,250,,230,,240,,250,,240,,250,,250,,250,,270,,265,,270,,260,,267.5,,260,,280,,280,,277.5,,280,,295,,260,,295,,300,,322.5,,320,,320,,300,,320,,320,,312.5,,315,,300,,315,,290,,350,,300,,290,,340,,295,,340,,340,,320,,345,,330,,360,,380,,350,,370,,370,,380,,380,,390,,410,,420,,420,,450,,450,,450,,470,,470,,480,,500,,500,,525,,520,,525,,550,,527.5,,545,,550,,570,,560,,600,,550,,580,,580,,572.5,,600,,580,,585,,592.5,,620,,600,,600,,630,,620,,620,,,630, ,650, ,655,,650,,680,
Rockdale,250,,250,s,260,s,255,s,255,s,235,,250,s,255,s,260,,265,,250,s,240,,280,,267.5,,250,,240,s,300,s,250,s,260,s,280,,275,s,260,s,270,,280,,295,,252.5,s,300,s,290,,315,,290,s,300,,320,,330,s,310,,300,,350,s,315,,320,s,340,s,330,,350,,355,s,335,s,360,,360,s,365,,350,s,332.5,s,375,,362.5,s,350,s,360,,350,s,350,s,350,,355,s,400,s,400,s,430,,370,s,420,,416.665,s,400,,445,,450,,420,,430,,450,,450,,495,,485,,500,,500,,570,,550,,520,,550,,600,,570,,600,,570,,575,,580,s,640,,600,,642.5,,700,,650,,680,,695,,680,,650,,700,,640,,650,,687.5,,700,,685,,700,,700,,735,,737.5,,690,,720,,765,,,770, ,810, ,750,,790,,850,
Ryde,300,,295,s,280,,305,,292.5,,280,,280,,260,s,290,,285,,295,,270,,300,,280,s,280,,305,s,277.5,,280,s,305,s,300,,320,,320,,322.5,,340,,320,,350,,350,s,345,,350,,355,,360,,360,,360,,350,,350,,380,,385,,380,,400,,397.5,,400,,385,,430,,450,,430,,140,,400,,410,,450,,410,,450,,430,,400,,430,,450,,430,,460,,465,,440,,440,,462.5,,485,,477.5,,470,,497.5,,475,,500,,480,,500,,545,,520,,517.5,,555,,650,,560,,650,,575,,600,,620,,630,,640,,620,,680,,655,,680,,700,,750,,690,,712.5,,730,,700,,722.5,,740,,727.5,,750,,775,,780,,800,,760,,780,,750,,800,,800,,800,,820,,,827.5, ,800, ,850,,810,,875,
Strathfield,300,,-,,340,s,275,s,305,s,350,s,-,,320,s,290,s,320,s,385,s,300,s,320,s,275,s,350,s,300,s,305,s,350,s,-,,-,,292.5,s,350,s,350,s,430,s,380,s,400,s,360,s,365,s,350,s,400,s,400,s,392.5,s,400,s,420,s,400,s,435,s,410,s,410,s,430,s,400,s,450,s,400,s,425,s,450,s,485,s,530,s,460,s,500,s,440,s,500,s,500,s,485,s,450,s,400,s,-,,460,s,500,s,430,s,480,s,450,s,450,s,500,s,490,s,455,s,485,s,420,s,510,s,550,s,480,s,500,s,550,s,540,s,550,s,600,s,570,s,650,s,580,s,-,,600,s,600,s,600,s,615,s,620,s,650,s,640,s,685,s,750,s,750,s,700,s,750,s,620,s,750,s,670,s,680,s,700,s,750,s,720,,700,,800,,712.5,,760,s,800,s,750,,780,,800,,,780,s,820,s,780,s,835,s,850,s
Willoughby,437.5,,395,,400,,400,s,400,,400,,370,,372.5,,410,,390,,390,,400,,390,,400,,400,,400,,450,,415,,425,,450,,480,,460,,457.5,,450,,470,,480,,500,,490,,450,,560,,505,,520,,520,,540,,550,,600,,622.5,,592.5,,550,,615,,600,,650,,585,,650,,642.5,,650,,630,,590,,632.5,,705,,590,,550,,695,,642.5,,650,,590,,632.5,,635,,580,,700,,630,,630,,715,,725,,810,,797.5,,775,,850,,850,,950,,925,,895,,900,,925,,950,,950,,1000,,945,,950,,1000,,1030,,995,,995,,922.5,,1050,,1212.5,,997.5,,1000,,1100,,1200,,1200,,1100,,1180,,1150,,1200,,1200,,1250,,1200,,1250,,1350,,1200,,1190,,1275,,1300,,1350,,,1290, ,1300, ,1275,,1300,,1462.5,
Outer Ring,240,,230,,240,,247.5,,250,,240,,250,,250,,250,,245,,240,,240,,250,,240,,230,,240,,250,,250,,240,,240,,250,,240,,240,,250,,250,,245,,250,,250,,250,,250,,250,,250,,250,,255,,260,,260,,260,,260,,270,,280,,280,,280,,280,,290,,300,,300,,300,,300,,300,,300,,300,,300,,300,,300,,310,,310,,320,,320,,330,,330,,340,,340,,350,,350,,350,,350,,360,,360,,365,,375,,390,,400,,400,,420,,430,,450,,450,,450,,460,,475,,470,,480,,480,,490,,500,,495,,500,,510,,520,,520,,510,,520,,530,,520,,510,,530,,540,,550,,550,,550,,550,,550,,560,,580,,575,,,570, ,580, ,585,,585,,590,
The Hills Shire,300,,305,,300,,310,,315,,322.5,,300,,320,,305,,300,,300,,300,,300,,300,,300,,300,,300,,300,,310,,300,,320,,320,,320,,322.5,,330,,320,,330,,350,,330,,350,,350,,350,,350,,350,,372.5,,355,,380,,380,,400,,400,,400,,410,,392.5,,392.5,,395,,400,,380,,380,,380,,387.5,,380,,380,,400,,380,,390,,380,,395,,400,,385,,400,,400,,420,,405,,410,,410,,440,,450,,460,,475,,450,,470,,495,,530,,550,,550,,560,,550,,570,,555,,570,,600,,582.5,,610,,600,,650,,640,,620,,650,,660,,640,,650,,640,,660,,650,,650,,660,,670,,700,,700,,680,,680,,700,,680,,700,,695,,,700, ,700, ,700,,700,,700,
Blacktown,200,,190,,200,,190,,205,,200,,192.5,,200,,185,,200,,185,,195,,200,,200,,195,,190,,200,,200,,195,,200,,200,,200,,200,,210,,210,,215,,220,,220,,220,,220,,222.5,,230,,240,,230,,230,,240,,245,,250,,250,,250,,265,,260,,270,,270,,280,,295,,280,,280,,275,,285,,290,,290,,300,,290,,290,,290,,300,,300,,300,,315,,320,,310,,325,,325,,317.5,,330,,335,,350,,350,,360,,390,,390,,400,,410,,440,,440,,425,,440,,450,,450,,440,,450,,465,,460,,480,,480,,480,,490,,510,,500,,500,,500,,520,,500,,500,,520,,520,,535,,550,,510,,540,,550,,550,,550,,575,,,560, ,580, ,580,,590,,590,
Blue Mountains,175,,175,,167.5,,180,,180,,180,,200,,182.5,,185,,182.5,,180,,180,,200,,200,,200,,190,,200,,192.5,,210,,200,,205,,200,,200,,200,,215,,200,,210,,210,,200,,212.5,,210,,210,,220,,212.5,,220,,220,,220,,235,,230,,250,,240,,250,,250,,250,,250,,250,,250,,250,,260,,260,,260,,260,,260,,265,,260,,270,,275,,267.5,,267.5,,270,,282.5,,275,,287.5,,282.5,,292.5,,297.5,,315,,320,,320,,320,,330,,340,,350,,350,,350,,360,,380,,360,,380,,382.5,,400,,400,,420,,420,,440,,430,,450,,440,,455,,450,,430,,450,,450,,450,,460,,470,,470,,500,,490,,480,,490,,480,,485,,525,,520,,,530, ,520, ,532.5,,550,,530,
Camden,200,s,-,,220,s,200,s,-,,200,s,-,,225,s,185,s,200,s,210,s,200,s,210,s,215,s,215,s,250,s,220,s,230,s,210,s,215,s,220,,220,s,220,,220,s,225,s,230,,225,,240,,235,,240,,237.5,,250,,237.5,,245,,247.5,,250,,252.5,,250,,260,,270,,265,,262.5,,270,,270,,280,,280,,275,,282.5,,280,,292.5,,290,,292.5,,300,,290,,297.5,,310,,300,,300,,330,,320,,330,,320,,330,,340,,340,,360,,360,,360,,370,,370,,385,,400,,400,,400,,420,,420,,430,,450,,450,,460,,460,,465,,480,,470,,480,,495,,480,,500,,500,,520,,500,,510,,520,,510,,500,,500,,510,,520,,530,,520,,530,,535,,540,,540,,540,,,540, ,540, ,540,,540,,540,
Campbelltown,190,,187.5,,185,,200,,200,,200,,200,,200,,200,,200,,190,,190,,190,,190,,190,,195,,200,,185,,190,,200,,200,,200,,200,,200,,200,,200,,200,,200,,200,,200,,210,,210,,210,,210,,200,,210,,210,,210,,220,,220,,225,,220,,230,,235,,225,,240,,245,,240,,240,,250,,250,,250,,247.5,,250,,250,,260,,260,,260,,260,,260,,280,,280,,260,,280,,290,,280,,290,,300,,282.5,,310,,310,,320,,337.5,,350,,350,,380,,360,,395,,380,,385,,400,,430,,420,,410,,420,,420,,420,,430,,440,,450,,440,,440,,462.5,,450,,450,,460,,450,,465,,460,,472.5,,480,,490,,480,,500,,480,,,500, ,500, ,500,,500,,500,
Fairfield,190,,185,,200,,210,,200,,200,,200,,200,,200,,195,,202.5,,200,,200,,190,,202.5,,210,,202.5,,210,,202.5,,210,,220,,205,,202.9,,220,,220,,215,,220,,220,,210,,220,,210,,220,,220,,220,,220,,220,,230,,225,,220,,240,,240,,235,,232.5,,250,,240,,240,,250,,240,,250,,250,,250,,250,,250,,260,,260,,260,,260,,260,,275,,270,,270,,285,,285,,285,,280,,290,,300,,300,,305,,330,,330,,350,,360,,380,,400,,400,,400,,410,,430,,430,,440,,430,,450,,450,,450,,460,,480,,465,,460,,470,,480,,470,,480,,480,,500,,480,,500,,500,,500,,505,,500,,520,,530,,550,,540,,,525, ,530, ,565,,550,,600,
Gosford,195,,190,,195,,200,,200,,200,,200,,205,,212.5,,210,,210,,207.5,,210,,207.5,,210,,205,,220,,210,,217.5,,210,,230,,220,,230,,220,,230,,220,,230,,225,,240,,250,,240,,240,,250,,250,,250,,260,,250,,260,,270,,272.5,,270,,260,,275,,275,,280,,300,,290,,280,,290,,285,,290,,295,,290,,300,,300,,320,,310,,320,,330,,320,,330,,320,,330,,330,,340,,345,,340,,360,,350,,360,,370,,370,,385,,382.5,,400,,400,,400,,410,,420,,450,,450,,450,,450,,450,,450,,450,,470,,480,,480,,500,,470,,495,,495,,495,,492.5,,510,,540,,520,,535,,535,,550,,540,,550,,577.5,,580,,,580, ,580, ,595,,595,,590,
Hawkesbury,210,,200,s,210,s,205,s,217.5,,200,s,200,s,190,s,220,,200,s,210,,220,,200,,200,,210,,200,,220,,190,s,220,,215,,205,,210,,205,,210,,220,,220,,220,,215,,220,,240,,225,,245,,230,,227.5,s,240,,230,,230,,250,,250,,250,,257.5,,250,,270,,270,,250,,260,,270,,290,,267.5,,300,,280,,280,,280,,267.5,,310,,290,,295,,290,,300,,315,,290,,300,,300,,320,,330,,307.5,,322.5,,310,,330,,340,,330,,360,,350,,380,,380,,352.5,,395,,420,,425,,445,,450,,427.5,,440,,460,,460,,475,,475,,440,,475,,485,,472.5,,485,,500,,480,,480,,525,,500,,480,,500,,500,,500,,547.5,,565,,550,,570,,,525, ,550, ,600,,550,,550,
Holroyd,200,s,200,s,212.5,s,190,s,200,s,200,s,195,s,220,s,200,s,200,s,210,s,195,s,200,s,210,s,200,s,200,s,210,s,210,s,222.5,s,215,s,225,,210,s,222.5,s,227.5,s,230,s,220,s,210,s,220,,230,s,230,,230,s,230,,230,,250,,225,,240,,250,,250,,250,,250,,265,,260,,260,,277.5,s,290,,280,,280,,280,,270,,280,,280,,300,,297.5,,285,,280,,300,,280,,300,,282.5,,290,,320,,320,,330,,320,,305,,357.5,,342.5,,350,,352.5,,350,,420,,400,,420,,450,,450,,450,,450,,430,,455,,490,,462.5,,475,,495,,465,,495,,480,,500,,522.5,,510,,530,,495,,545,,500,,550,,550,,567.5,,600,,550,,585,,600,,577.5,,600,,590,,600,,600,,,600, ,600, ,630,,630,,645,
Hornsby,320,,300,,300,,300,,300,,310,,300,,310,,300,,310,,300,,300,,310,,300,,300,,300,,310,,310,,310,,320,,320,,330,,330,,340,,350,,320,,327.5,,340,,350,,350,,350,,370,,380,,370,,380,,390,,395,,385,,420,,410,,417.5,,423.5,,400,,427.5,,420,,425,,420,,425,,440,,422.5,,430,,425,,450,,420,,430,,420,,450,,420,,450,,440,,450,,460,,450,,450,,450,,470,,470,,495,,470,,500,,495,,540,,550,,570,,575,,600,,575,,577.5,,580,,600,,620,,650,,615,,650,,630,,650,,650,,670,,685,,695,,680,,650,,700,,695,,705,,720,,720,,735,,720,,725,,750,,750,,750,,780,,750,,,750, ,790, ,780,,792.5,,780,
Liverpool,220,,190,,220,,200,,210,,210,,210,,240,s,210,,220,,220,,220,,220,,200,,210,,220,,220,,220,,220,,220,,230,,230,,230,,240,,225,,230,,230,,230,,240,,240,,235,,240,,240,,250,,240,,240,,250,,250,,250,,250,,260,,260,,260,,270,,265,,265,,270,,280,,270,,280,,280,,285,,285,,280,,300,,300,,300,,300,,300,,310,,310,,320,,325,,315,,330,,330,,330,,350,,350,,350,,352.5,,377.5,,390,,400,,427.5,,430,,430,,440,,450,,450,,450,,470,,480,,470,,490,,480,,500,,515,,490,,500,,520,,530,,500,,500,,510,,530,,522.5,,540,,520,,550,,560,,560,,550,,580,,557.5,,,577.5, ,570, ,580,,580,,595,
Penrith,210,,190,,190,,200,,200,,200,,200,,200,,200,,192.5,,200,,200,,200,,200,,200,,200,,195,,200,,200,,200,,200,,210,,210,,200,,210,,212.5,,220,,230,,220,,210,,230,,220,,220,,220,,227.5,,235,,240,,245,,240,,240,,260,,255,,270,,270,,275,,250,,267.5,,280,,275,,270,,280,,280,,280,,290,,290,,290,,290,,290,,290,,300,,300,,300,,300,,300,,305,,310,,330,,315,,320,,330,,340,,350,,350,,360,,380,,380,,380,,385,,400,,412.5,,420,,412.5,,420,,430,,450,,450,,450,,450,,450,,460,,480,,480,,460,,480,,470,,480,,480,,488,,500,,500,,495,,500,,520,,520,,525,,,520, ,530, ,540,,540,,540,
Pittwater,360,,350,,340,,340,,350,,350,,315,,375,,350,,350,,350,,375,,350,,377.5,,350,,380,,365,,382.5,,385,,387.5,,-,,-,,400,,440,,420,,422.5,,430,,400,,450,,430,,435,,470,,462.5,,470,,500,,490,,490,,500,,480,,505,,550,,525,,530,,575,,550,,545,,535,,550,,550,,540,,550,,567.5,,580,,560,,597.5,,550,,630,,575,,600,,630,,655,,650,,640,,675,,650,,675,,650,,710,,680,,750,,750,,782.5,,800,,800,,780,,850,,850,,790,,782.5,,817.5,,850,,810,,850,,862.5,,950,,920,,900,,950,,912.5,,920,,925,,990,,950,,900,,900,,1000,,1100,,1125,,950,,1030,,1100,,1050,,1100,,1100,,1200,,,1150, ,1175, ,1150,,1182.5,,1200,
Sutherland Shire,280,,282.5,,280,,285,,280,,290,,300,,300,,290,,300,,285,,295,,300,,300,,300,,300,,320,,300,,310,,310,,335,,320,,310,,330,,330,,322.5,,350,,350,,330,,330,,350,,375,,350,,360,,360,,372.5,,377.5,,380,,375,,400,,380,,392.5,,400,,400,,422.5,,390,,400,,405,,445,,400,,420,,422.5,,420,,400,,430,,420,,420,,440,,450,,450,,460,,440,,480,,450,,470,,470,,475,,480,,490,,490,,500,,530,,565,,565,,595,,600,,590,,580,,590,,630,,640,,625,,680,,677.5,,685,,680,,700,,700,,685,,690,,690,,690,,725,,700,,725,,727.5,,740,,730,,750,,750,,770,,780,,757.5,,780,,780,,,780, ,800, ,817.5,,800,,810,
Warringah,350,,350,,360,,350,,350,,350,,350,,372.5,,370,,360,,350,,350,,350,,340,,350,,350,,360,,372.5,,362.5,,360,,400,,400,,380,,385,,420,,400,,400,,400,,410,,430,,422.5,,420,,440,,450,,460,,450,,472.5,,480,,480,,500,,540,,520,,500,,520,,550,,550,,540,,550,,550,,550,,555,,540,,540,,540,,550,,550,,575,,552.5,,567.5,,570,,600,,600,,600,,600,,620,,650,,660,,650,,720,,750,,730,,755,,775,,770,,817.5,,800,,780,,772.5,,800,,827.5,,825,,850,,850,,872.5,,920,,875,,880,,945,,900,,895,,960,,950,,1000,,900,,975,,1020,,1000,,995,,1000,,1050,,1088,,1030,,1100,,1150,,1100,,,1100, ,1140, ,1150,,1200,,1150,
Wollondilly,160,s,170,s,162.5,s,200,s,175,s,200,s,180,s,200,s,220,s,200,s,165,s,200,s,190,s,205,s,187.5,s,180,s,180,,220,s,180,s,200,s,180,s,210,s,205,s,200,s,200,,180,s,200,s,210,s,210,s,180,s,200,,200,s,200,s,215,s,200,s,200,s,210,,210,,220,,225,s,225,s,215,,230,,250,s,220,,212.5,s,225,,230,,230,,240,,240,,250,,240,,237.5,,260,s,270,,257.5,s,315,s,270,,260,,325,,270,,295,,270,,330,,262.5,,270,,310,,300,,325,,340,,350,,360,,375,,377.5,,380,,380,,400,,382.5,,430,,400,,445,,395,,450,,450,,422.5,,450,,455,,470,,470,,450,,450,,480,,485,,470,,540,,495,,480,,490,,535,,490,,530,,550,,540,,550,,,532.5, ,550, ,550,,550,,540,
Wyong,180,,170,,180,,170,,177.5,,180,,165,,180,,180,,180,,180,,180,,180,,172.5,,175,,180,,170,,182.5,,180,,180,,195,,185,,190,,200,,190,,215,,200,,197.5,,210,,210,,210,,220,,220,,220,,220,,222.5,,220,,220,,220,,230,,235,,230,,240,,230,,240,,240,,240,,250,,250,,250,,245,,250,,260,,260,,260,,270,,270,,275,,270,,280,,275,,280,,280,,297.5,,280,,285,,300,,290,,300,,310,,310,,320,,340,,330,,342.5,,342.5,,350,,360,,355,,380,,372.5,,385,,380,,390,,400,,420,,420,,420,,420,,430,,420,,430,,430,,440,,440,,440,,440,,450,,450,,450,,450,,455,,465,,487.5,,480,,,480, ,485, ,490,,490,,490,
Rest of GMR,180,,180,,180,,180,,180,,190,,190,,190,,200,,190,,185,,180,,190,,180,,180,,185,,180,,185,,180,,185,,190,,185,,190,,190,,195,,190,,200,,195,,200,,200,,200,,200,,210,,205,,200,,200,,210,,210,,210,,220,,220,,220,,220,,230,,230,,230,,235,,240,,250,,250,,250,,260,,260,,260,,260,,265,,275,,270,,280,,280,,280,,290,,280,,295,,300,,300,,300,,310,,315,,310,,320,,340,,350,,350,,360,,370,,370,,375,,380,,387.5,,395,,400,,400,,420,,420,,440,,430,,450,,450,,450,,450,,450,,440,,430,,430,,430,,430,,430,,420,,442.5,,440,,450,,450,,460,,470,,,465, ,470, ,480,,480,,480,
Cessnock,-,,-,,-,,-,,-,,-,,150,s,-,,152.5,s,-,,150,s,150,s,150,s,150,s,150,s,-,,150,s,150,s,150,s,150,s,147.5,s,155,s,150,s,157.5,s,150,s,160,s,180,s,160,s,160,s,155,s,150,s,155,s,160,s,160,s,150,s,180,s,175,s,170,s,160,,160,,170,,160,s,175,s,180,s,180,s,185,,160,s,192.5,s,180,s,175,s,200,s,180,s,195,s,220,,205,,210,,230,s,220,s,227.5,,240,,210,s,240,,230,,240,s,240,,255,,260,,280,,250,,250,,282.5,s,280,,300,,300,,320,,310,,322.5,,310,s,330,,350,,360,,360,,365,,360,,380,,400,,400,,400,,400,,420,,420,,420,,410,,395,,380,,370,,380,,380,,375,,370,,380,,370,,380,,380,,380,,,380, ,380, ,390,,390,,395,
Kiama,-,,-,,190,s,-,,-,,-,,-,,-,,200,s,-,,192.5,s,200,s,197.5,s,185,s,197.5,s,-,,210,s,200,s,190,s,205,s,205,s,210,s,220,s,195,s,200,s,210,s,220,s,200,s,200,s,215,s,220,s,210,s,240,s,230,s,240,s,230,s,230,s,242.5,s,240,s,245,s,250,s,265,s,255,s,250,s,250,s,260,s,257.5,s,272.5,s,280,s,280,s,277.5,s,300,s,280,s,300,s,300,s,-,,300,s,285,s,325,s,290,,300,s,310,s,320,s,300,s,350,s,310,s,325,s,325,s,350,s,342.5,s,350,s,355,s,360,s,380,,370,s,380,s,420,s,400,,380,,400,s,420,s,430,s,425,,430,s,430,s,450,s,485,s,475,s,495,s,502.5,s,500,s,475,s,470,s,490,s,500,s,515,s,550,s,545,s,570,s,525,s,500,s,530,s,550,s,615,s,550,s,,560,s,580,s,600,s,600,s,620,s
Lake Macquarie,180,,190,,180,,180,,192.5,,190,,210,,210,,217.5,,200,,180,,180,,200,,180,,182.5,,180,,190,,180,,180,,195,,195,,187.5,,192.5,,190,,200,,200,,200,,200,,210,,200,,210,,200,,210,,210,,210,,200,,210,,210,,210,,220,,220,,230,,225,,225,,230,,240,,230,,240,,242.5,,230,,250,,260,,250,,260,,260,,260,,270,,272.5,,280,,287.5,,280,,295,,292.5,,300,,300,,290,,320,,320,,340,,317.5,,330,,350,,362.5,,380,,380,,380,,395,,390,,400,,420,,420,,420,,430,,430,,450,,451,,430,,460,,450,,475,,470,,480,,470,,476,,470,,470,,480,,472.5,,460,,460,,470,,480,,462.5,,480,,485,,,490, ,480, ,480,,480,,495,
Maitland,170,s,-,,160,s,160,s,175,s,180,s,190,s,180,s,190,s,195,s,182.5,s,180,s,170,s,170,s,165,s,180,s,167.5,,170,,165,s,170,,170,,180,,180,,185,,180,,180,,187.5,,180,,180,,180,s,180,,185,,185,,180,,200,,185,,190,,185,,200,,200,,210,,192.5,,200,,215,,185,,212.5,,220,,220,,222.5,,230,,240,,250,,250,,247.5,,260,,260,,260,,260,,260,,280,,280,,275,,275,,280,,290,,282.5,,290,,300,,295,,290,,302.5,,320,,322.5,,340,,330,,350,,350,,350,,360,,360,,370,,395,,395,,400,,410,,425,,420,,430,,440,,450,,440,,450,,422.5,,410,,398,,400,,395,,400,,395,,390,,390,,397.5,,400,,400,,400,,,410, ,410, ,410,,410,,420,
Newcastle,180,,187.5,,200,,180,,200,,200,,197.5,,200,,200,,180,,180,,182.5,,180,,180,,180,,180,,190,,175,,170,,195,,180,,190,,182.5,,180,,190,,180,,192.5,,190,,200,,200,,200,,190,,200,,220,,200,,200,,230,,210,,220,,210,,220,,210,,200,,220,,247.5,,220,,235,,230,,240,,252.5,,235,,250,,270,,257.5,,268,,270,,272.5,,290,,285,,317.5,,290,,300,,296,,300,,270,,317.5,,320,,310,,310,,350,,340,,377.5,,350,,386,,380,,390,,360,,390,,383,,430,,360,,420,,420,,450,,400,,460,,460.5,,455,,450,,477.5,,520,,495,,450,,470,,480,,455,,490,,470,,450,,492.5,,455,,480,,455,,480,,470,,,490, ,493, ,500,,500,,500,
Port Stephens,160,s,175,s,160,s,175,s,175,s,180,s,170,s,180,s,200,s,185,s,180,,180,s,170,,172.5,,170,,175,,170,,170,,175,,170,,180,,175,,180,,180,,180,,180,,180,,180,,180,,180,,185,,185,,195,,200,,190,,200,,200,,190,,200,,207.5,,200,,210,,210,,205,,210,,210,,210,,220,,230,,230,,230,,240,,240,,250,,250,,260,,260,,260,,260,,265,,270,,280,,260,,290,,290,,295,,290,,300,,290,,300,,305,,320,,330,,325,,330,,350,,340,,335,,340,,350,,375,,380,,370,,380,,390,,410,,390,,420,,405,,410,,430,,420,,410,,420,,420,,425,,410,,420,,420,,430,,440,,422.5,,450,,450,,460,,,450, ,470, ,480,,470,,480,
Shellharbour,-,,-,,-,,-,,175,s,175,s,-,,-,,-,,-,,195,s,180,s,180,s,190,s,175,s,190,s,200,s,192.5,s,185,s,185,s,195,s,180,s,190,s,200,s,200,s,190,s,200,s,200,s,200,s,190,,200,s,205,s,220,,210,,190,s,230,s,210,,222.5,,250,s,230,,222.5,,235,s,240,,265,,257.5,,250,,260,,260,,260,,250,,265,,275,,290,,280,,290,,290,,295,,300,,312.5,,300,,300,,320,,300,,307.5,,320,,320,,320,,330,,327.5,,340,,360,,360,,380,,375,,400,,410,,400,,400,,400,,400,,420,,420,,450,,450,,460,,445,,455,,460,,450,,460,,470,,500,,470,,480,,500,,495,,480,,500,,500,,520,,520,,530,,550,,545,,550,,,550, ,560, ,580,,580,,570,
Wollongong,195,,175,,180,,200,,190,,200,,195,,195,,190,,185,,200,,180,,220,,210,,185,,210,,220,,210,,200,,210,,230,,220,,217.5,,220,,225,,220,,220,,200,,220,,220,,225,,240,,230,,225,,235,,240,,250,,245,,250,,250,,270,,245,,250,,250,,260,,260,,272.5,,277.5,,275,,300,,280,,295,,280,,290,,290,,300,,300,,300,,300,,300,,327.5,,320,,330,,325,,350,,330,,340,,360,,360,,350,,360,,380,,400,,400,,380,,420,,440,,420,,420,,430,,450,,440,,472.5,,490,,472.5,,500,,500,,475,,482.5,,500,,490,,500,,500,,500,,500,,500,,510,,510,,500,,545,,555,,580,,552.5,,560,,600,,,580, ,575, ,620,,600,,600,
Rest of NSW,155,,160,,160,,160,,170,,160,,160.5,,160,,170,,165,,165,,170,,170,,170,,165,,170,,175,,170,,170,,170,,175,,170,,175,,170,,180,,170,,170,,175,,180,,175,,175,,180,,180,,180,,180,,180,,180,,180,,180,,180,,190,,180,,190,,195,,200,,200,,200,,205,,210,,220,,220,,220,,230,,230,,230,,240,,250,,250,,250,,260,,260,,255,,260,,265,,265,,270,,280,,280,,280,,280,,285,,295,,300,,300,,310,,320,,320,,320,,320,,330,,340,,350,,350,,350,,360,,350,,370,,375,,380,,380,,380,,380,,385,,380,,380,,380,,385,,380,,387.5,,380,,390,,390,,395,,400,,400,,,400, ,400, ,405,,415,,420,
New South Wales,235,,230,,235,,240,,240,,230,,230,,240,,235,,225,,225,,225,,225,,220,,215,,220,,220,,220,,220,,220,,220,,220,,220,,220,,220,,220,,225,,230,,230,,225,,240,,235,,230,,230,,240,,240,,240,,240,,250,,250,,250,,250,,260,,270,,270,,270,,280,,280,,280,,285,,290,,295,,292.5,,290,,300,,300,,300,,300,,300,,315,,320,,310,,320,,325,,320,,325,,332.5,,350,,350,,350,,350,,370,,370,,385,,400,,400,,400,,400,,420,,425,,425,,440,,440,,450,,450,,450,,460,,465,,470,,470,,470,,480,,480,,460,,470,,480,,480,,490,,485,,500,,500,,500,,520,,530,,520,,,520, ,530, ,550,,550,,550,
